author_id,author_url,author_name,fan_count,following_count,like_count,tags,description,ip_location,crawl_time
Mingliang2610,https://www.xiaohongshu.com/user/profile/569e5bcf5e87e741224c97b4?channel_type=web_search_result_notes&xsec_token=ABR1U3CfuqHyfuMM5syiQI8caS_fEibinYwzJ3opPIXqg%3D&xsec_source=pc_note,明亮明亮哇,637,340,23000,浙江杭州,🔸93年 |杭漂上班族| 💰目标100w 💡极简消费 | 存折定期 | 人间清醒搞钱人 🌏周末游特种兵 | 穷游保姆 💌Mingliang2610,浙江,2025-04-24 17:42:04
100433171,https://www.xiaohongshu.com/user/profile/56df90a1aed75850f6b86612?channel_type=web_search_result_notes&xsec_token=AB-aoFT46tPcfFErmO1D0MsA-_7qU5P2TNI6oIgh-F0LI%3D&xsec_source=pc_note,❤,720,59,2801,中国,,北京,2025-04-24 17:42:04
957193818,https://www.xiaohongshu.com/user/profile/572ae1f984edcd154f0a8537?channel_type=web_search_result_notes&xsec_token=AB8HBC2JJqAwQTIgDP0R7u5CdVdplgqV8Akva5EytuhkI%3D&xsec_source=pc_note,南鱼泡泡,366,65,7232,"中国
巴塞罗那大学",喜欢徒步、旅行🧳、潜水🤿 对菌类植物很感兴趣 搭子是一只小博美,浙江,2025-04-24 17:42:04
xujiao1016,https://www.xiaohongshu.com/user/profile/5788ed155e87e74db8e0dbfb?channel_type=web_search_result_notes&xsec_token=ABbp_300Ool6vFk-UQc_ZaHqjUZxpLc4WyckuJ2P6HoGA%3D&xsec_source=pc_note,triangel-姣,4843,438,61000,"天秤座
中国
母婴博主
探店博主",📍上海｜遛娃、旅行、美食、探店 📝笔记已分类收藏，欢迎👏自取！ 💌176554956🌀qq.com,上海,2025-04-24 17:42:04
494149810,https://www.xiaohongshu.com/user/profile/5873136d82ec394633888b52?channel_type=web_search_result_notes&xsec_token=ABzinU2nNRhfe2X4I8K_FUwVC5K__aMx9T2Va8YcCJDZI%3D&xsec_source=pc_note,ninyboby,138,2063,11000,四川成都,intp-进化为enfp 一个努力高质量追星的朋友 愿意交朋友哦🤩,四川,2025-04-24 17:42:04
942592781,https://www.xiaohongshu.com/user/profile/58d386c65e87e73e7dda6d58?channel_type=web_search_result_notes&xsec_token=AB4LL9zp8-7pHZzxXv4JMH6u3OMBcrZZZl8_NKbl4eVig%3D&xsec_source=pc_note,💎Fion1122💎,525,846,4231,广东佛山,中意点就点咯,广东,2025-04-24 17:42:04
604315315,https://www.xiaohongshu.com/user/profile/58e8cd365e87e7773134aa50?channel_type=web_search_result_notes&xsec_token=ABoR3ykPXWpiyGTFMltki3N4I6lug50-32kB4gEcqWrts%3D&xsec_source=pc_note,漫自由,20000,185,426000,陕西西安,🥇中国旅行社 🏆全国💯国际旅行社 ☂ 保姆级带你游遍国内外 🌏出境旅游∣国内旅游∣定制旅游,陕西,2025-04-24 17:42:04
428251847,https://www.xiaohongshu.com/user/profile/592fa8be5e87e761aee6a262?channel_type=web_search_result_notes&xsec_token=AB5fmbnh_ZcvacnMvUeNwjKIfMJ3nD9bwI-pZ-jtuw8sE%3D&xsec_source=pc_note,大君,117,284,829,"天秤座
浙江杭州",对一个人尽心，对所有人尽力,浙江,2025-04-24 17:42:04
5466603030,https://www.xiaohongshu.com/user/profile/5951d96682ec395da80f8cd1?channel_type=web_search_result_notes&xsec_token=ABzQG3GWiTTRZpqpyoho_640gXUJlB1YVZ6rts6WtW0-w%3D&xsec_source=pc_note,悦是天上月,45000,221,870000,"旅行博主
探店博主",和你分享我眼中的世界🌍✨ 02enfp｜独自旅行｜背包客｜成长经历 一个人9国🇸🇬🇲🇾🇮🇩🇹🇭🇰🇿🇺🇿🇰🇷🇦🇿🇹🇷 📮347511442@qq.com.@美宜佳,黑龙江,2025-04-24 17:42:04
Dazhu0911,https://www.xiaohongshu.com/user/profile/596c343850c4b459ba92994e?channel_type=web_search_result_notes&xsec_token=ABUroZmCq9s1eqiManESWFUZNgHX2CNWbibf_8WbJxjMg%3D&xsec_source=pc_note,大猪阿,875,66,30000,"处女座
广东深圳
旅行博主
vlog博主",Hello👋我是大猪 拥有一家旅行社的90后女孩 徒步户外｜社交旅行｜旅行干货 是爱笑的快乐小狗呀！！ 期待和你一起去看世界🌍,广东,2025-04-24 17:42:04
941374707,https://www.xiaohongshu.com/user/profile/59901bec50c4b459a3942b89?channel_type=web_search_result_notes&xsec_token=ABTxHo0HZ3EcKxQ-cURMsDma2vMLzEasHriylvN3q_UjM%3D&xsec_source=pc_note,Kalapaopao,337,73,4918,上海杨浦,旅行｜探店｜探索型小红薯一枚,上海,2025-04-24 17:42:04
954079344,https://www.xiaohongshu.com/user/profile/59d3950344363b57d08d95ad?channel_type=web_search_result_notes&xsec_token=ABt6biupQaVvxwKBtC--IyCJmYrgy0sWZAEtbckqgLJiQ%3D&xsec_source=pc_note,Enndme,1287000,117,8842000,"摩羯座
中国",·生活日常·拍照·妆容·购物分享 感谢陪伴💞 📭enndmeee@163.com,浙江,2025-04-24 17:42:04
189759966,https://www.xiaohongshu.com/user/profile/59ffc395e8ac2b4ff9b80528?channel_type=web_search_result_notes&xsec_token=AB3AI5la-mU5Qafw2hmxWZ6W96WOqOfDzqwUzSoTZZhTE%3D&xsec_source=pc_note,静音音音,158,109,11000,28岁,ENSJ |双鱼座 旅行干货&生活分享,湖南,2025-04-24 17:42:04
272662274,https://www.xiaohongshu.com/user/profile/5a3fe05411be1075d978854d?channel_type=web_search_result_notes&xsec_token=AB0hdfKHneBNPL7nIS_iCTvlgau9eFbVF3YVI6JlZsbJk%3D&xsec_source=pc_note,猪都不和你玩,392,482,17000,澳大利亚,🦢好风凭借力，送我入青云,广东,2025-04-24 17:42:04
951633528,https://www.xiaohongshu.com/user/profile/5a45b32a4eacab7977d5d05a?channel_type=web_search_result_notes&xsec_token=AB42r4i5y0vA38aIJ_5NiAFcbdzRFGy697blrrs9IdhFo%3D&xsec_source=pc_note,ONE,39,120,943,29岁,,江苏,2025-04-24 17:42:04
272014475,https://www.xiaohongshu.com/user/profile/5a69785d11be10729ea3bc2c?channel_type=web_search_result_notes&xsec_token=ABNsAwo0e4thfERZxJ5gqz4kBykTc5BPTcVmx4mR7oPOo%3D&xsec_source=pc_note,拿铁or美式,89,278,876,,90后,福建,2025-04-24 17:42:04
635189441,https://www.xiaohongshu.com/user/profile/5a6adf984eacab099e5a332e?channel_type=web_search_result_notes&xsec_token=ABlwZ81wOVX7m6Lx8DmOoY46mtjjdlqRvQCdsPgwlWsYI%3D&xsec_source=pc_note,我是阳阳！,1570,336,4378,水瓶座,吃！喝！玩！乐！,北京,2025-04-24 17:42:04
shirleydogg,https://www.xiaohongshu.com/user/profile/5a7731874eacab4b9a593965?channel_type=web_search_result_notes&xsec_token=ABYc6uZngwW4ifVzn-o04XZ0Rl5Z1Be2yMC657CvNgjQw%3D&xsec_source=pc_note,汤元家SD,26000,586,149000,,汤元家主理人， 衣服都在店铺里自行购买,重庆,2025-04-24 17:42:04
184196473,https://www.xiaohongshu.com/user/profile/5ab276344eacab176032f960?channel_type=web_search_result_notes&xsec_token=ABbbCGTOGV8gcsKEYXrjnynuPvArek_EhiwjkiEgCeKo4%3D&xsec_source=pc_note,Kaki,68,521,1177,,,广东,2025-04-24 17:42:04
wulumuqiyi,https://www.xiaohongshu.com/user/profile/5acd7261e8ac2b0ac0aa67be?channel_type=web_search_result_notes&xsec_token=ABnCqd94k3uXIofyS1WWasoXGA8EPRtZPPi4khpOVK-2o%3D&xsec_source=pc_note,今天何十一,18000,79,222000,"旅行博主
教育博主
新疆大学",🌍29岁裸辞看世界 活在今天的人生体验派 ➡️另一面@中文老师何11 📮jintianheshiyi@gmail.com,印度尼西亚,2025-04-24 17:42:04
270615969,https://www.xiaohongshu.com/user/profile/5ad84858e8ac2b041dc8048b?channel_type=web_search_result_notes&xsec_token=ABeLgTI-3I7WmJcCECDFBeNxFbwudvUytGp9CAkA2gkzI%3D&xsec_source=pc_note,K啦快跑,3741,95,18000,"水瓶座
品牌主理人
莫纳什大学",记录生活💕 Monash University 👩🏻‍🎓,广东,2025-04-24 17:42:04
270664115,https://www.xiaohongshu.com/user/profile/5ad9e8684eacab4cc7df2d48?channel_type=web_search_result_notes&xsec_token=AB1ZnfxB1UAJn6MH6r7n7IyESrydekeGACv5EnpMZBRok%3D&xsec_source=pc_note,二水三水,4809,183,23000,"天蝎座
韩国",,四川,2025-04-24 17:42:04
491398805,https://www.xiaohongshu.com/user/profile/5ae3294de8ac2b0fa1755756?channel_type=web_search_result_notes&xsec_token=AB8UxRd0PuiF2_FtuAaXYVreGx6hbxGOkISzsiapbbV-0%3D&xsec_source=pc_note,蝶蝶呢,11000,45,39000,"25岁
日本大阪",172/48 i📷 szihang 抖🦅 蝶蝶呢,山东,2025-04-24 17:42:04
JM10201,https://www.xiaohongshu.com/user/profile/5b11e7c8e8ac2b7fa3e145c5?channel_type=web_search_result_notes&xsec_token=AB3uOxMWPtBePocnTSuUUnnHx3H4xxpvEAVCtv8HZUi4M%3D&xsec_source=pc_note,Zoeee,3576,23,18000,"28岁
福建莆田
情感博主",END,福建,2025-04-24 17:42:04
634739344,https://www.xiaohongshu.com/user/profile/5b17b89611be100868f9a680?channel_type=web_search_result_notes&xsec_token=ABqUVlLcfaxHgFJ5IOAkb1r5YudrXK2TKWQ0m0YbA9Vsg%3D&xsec_source=pc_note,小熊不只有玫瑰,95,194,144,29岁,,广东,2025-04-24 17:42:04
H19981005,https://www.xiaohongshu.com/user/profile/5b1fe3b411be10420c603f2f?channel_type=web_search_result_notes&xsec_token=AB3vLOaq0BqEK3SK1zYs9qHUy1nnLPlobllaHZjtXaCTw%3D&xsec_source=pc_note,Tyger要努力,1178,1747,12000,"26岁
中国",🌈HUSTer、前车企用研人、天秤患者，健身上瘾症，独行旅游者 📸手机旅行摄影，个人生活流水账，梦想环游世界 🏝️爱旅游，爱读书、爱宠物、爱健身 ♥️活在当下，自由不羁，人生坦荡，生生不息,中国香港,2025-04-24 17:42:04
631073278,https://www.xiaohongshu.com/user/profile/5b405fc211be1015909ea42e?channel_type=web_search_result_notes&xsec_token=ABlHYC5et19xR7_MxLoJRm_j4696zb8lGdkOezboEu7q8%3D&xsec_source=pc_note,大敏子,27,53,154,26岁,分享日常,江西,2025-04-24 17:42:04
kay877,https://www.xiaohongshu.com/user/profile/5b5731cd11be101b83fa61ba?channel_type=web_search_result_notes&xsec_token=ABaf5kNV9ANWWV60Gv5PNxHFsCekvOqKffZ9OA2U7PQHM%3D&xsec_source=pc_note,Allen｜小众旅行清单,2932,655,58000,"天秤座
浙江宁波
旅行博主",🖐Yoooo！我是艾伦！INFJ的wmls！ ✈𝟏𝟑 年 𝟑𝟎 国，会认真解答每个问题 👇攒钱，𝟒𝟎岁退休，带娃环游世界🌏 ❝ 旅行灵感｜小众景点｜行程攻略 ❞ 💡合集按「洲」分类,浙江,2025-04-24 17:42:04
627572312,https://www.xiaohongshu.com/user/profile/5b911288db620f00016a651e?channel_type=web_search_result_notes&xsec_token=ABXpCZXjX1MlGGKzOQ0Eo6TXgSFib9u3nlqY-6Dt13XDI%3D&xsec_source=pc_note,小奶牛咔咔,7321,198,222000,vlog博主,📍base上海/东南亚/香港🇭🇰/广东 🔹港硕毕业在沪打工 偶尔飞泰国找哥哥 ✨旅行✈️｜探店🍸｜美食🍛 🔗教赚钱省钱小技巧 不回私信‼️有问题或合可联系@咔咔会发 🎺,上海,2025-04-24 17:42:04
ANGYILIW,https://www.xiaohongshu.com/user/profile/5b990d14ab8c9400016b64d5?channel_type=web_search_result_notes&xsec_token=ABk2CVa5HTj6U__z8oYWIYQFmvZSXh52VtowxtTVYtx4A%3D&xsec_source=pc_note,Yaliの旅行日记,91,7,941,"23岁
中国",爱旅行 分享自己的旅行碎片🧩 有同屏的姐妹们 与我同行吧🥰,湖南,2025-04-24 17:42:04
lalisa555,https://www.xiaohongshu.com/user/profile/5c3540cf0000000007028563?channel_type=web_search_result_notes&xsec_token=ABQ_ve-JWN-VEuMmqCuPkE7i2Na10vtzdLHN4zf_xm-WI%3D&xsec_source=pc_note,鱼米,174,39,4800,金牛座,istj 🖤💗,福建,2025-04-24 17:42:04
222654188,https://www.xiaohongshu.com/user/profile/5c63decb0000000010025547?channel_type=web_search_result_notes&xsec_token=AB-U9wzFQ_QdGyk9EQnWXJtl2uyhLJ2Fir5Pv1r-ZhBaM%3D&xsec_source=pc_note,讨厌吃香菜,4,4,334,"18岁
陕西咸阳",⭐️165/80 🐱穿搭｜日常｜好物分享 🎀理性种草,陕西,2025-04-24 17:42:04
686343613,https://www.xiaohongshu.com/user/profile/5c7215c8000000001202eec4?channel_type=web_search_result_notes&xsec_token=ABvLTLcgXTogEvjoUYHWNLCO4e4m-Qb_F7t4-KFqe0Dgc%3D&xsec_source=pc_note,渡.,28,101,476,27岁,,印度尼西亚,2025-04-24 17:42:04
891443600,https://www.xiaohongshu.com/user/profile/5c860e2c000000001603868e?channel_type=web_search_result_notes&xsec_token=ABLOSCpQ7JFwSQAmlH9M395ervtssbOyrB2_feCN7vKFg%3D&xsec_source=pc_note,拿大刀的A KI,28,125,35,26岁,,重庆,2025-04-24 17:42:04
682677764,https://www.xiaohongshu.com/user/profile/5c943e29000000001103df1c?channel_type=web_search_result_notes&xsec_token=ABjXmyvGIC1yB-uY3GYQouFlGveH3aAVkcgBKjp3B4ab4%3D&xsec_source=pc_note,637,108,36,6650,27岁,,湖南,2025-04-24 17:42:04
510562857,https://www.xiaohongshu.com/user/profile/5cc32a650000000012037b46?channel_type=web_search_result_notes&xsec_token=ABaMulL-4XmhbzH26QDiyA0XMkVkrJ4xgt6OvbWRtDDQ8%3D&xsec_source=pc_note,Janna,15,40,278,18岁,,,2025-04-24 17:42:04
868869839,https://www.xiaohongshu.com/user/profile/5cf79131000000001202f765?channel_type=web_search_result_notes&xsec_token=ABV-bNPS-lGmQog-xPr54tRbamPozfm7_xiBNmr6vC1VU%3D&xsec_source=pc_note,sun..,54,642,328,,天津美术学院 互联网UI设计🦁️ 热爱：艺术，绘画，旅行 做一个情绪稳定的人,河南,2025-04-24 17:42:04
991283715,https://www.xiaohongshu.com/user/profile/5d0baeb1000000001000fc0c?channel_type=web_search_result_notes&xsec_token=ABmskzsxGPdqodhPWLI_Ko8ew4wY38oQ9Edh0KBXJ4i1g%3D&xsec_source=pc_note,我叫赵开心,1141,3,8714,"27岁
四川成都
时尚博主",探店｜穿搭｜生活｜💚 📪：1543351965@qq.com,广东,2025-04-24 17:42:04
725323632,https://www.xiaohongshu.com/user/profile/5d1198f700000000160215f2?channel_type=web_search_result_notes&xsec_token=AB-hl0qcDWi3HJG1j2GGzWsOerFqQVCokMC9G_Res_EPY%3D&xsec_source=pc_note,Lahm21,39000,8,584000,"上海黄浦
旅行博主",逛啊逛啊逛啊逛,新加坡,2025-04-24 17:42:04
771215620,https://www.xiaohongshu.com/user/profile/5d14a0a00000000016038811?channel_type=web_search_result_notes&xsec_token=ABNj0FaSOZiU7UwC8dtLSCmEvuNRe_UyXe9yIHpKePBfU%3D&xsec_source=pc_note,Qw1ky,84,81,315,23岁,,中国香港,2025-04-24 17:42:04
816852067,https://www.xiaohongshu.com/user/profile/5d35446c000000001003ef82?channel_type=web_search_result_notes&xsec_token=ABkPL5Ct6H7wafp7BDFVy4-IxTtlwW7GBPC_ezRbzwli4%3D&xsec_source=pc_note,蜜菲儿小姐,348,2169,1703,马来西亚吉隆...,抽象理想主义者 旅游✈️ l 美食🍜 l 拍照和拍摄📷 l 分享😊 让人短暂忘记忙碌下的世界 定格最美好的那一面 保存过往流逝的美好回忆。,马来西亚,2025-04-24 17:42:04
847149994,https://www.xiaohongshu.com/user/profile/5d398657000000001103683a?channel_type=web_search_result_notes&xsec_token=ABKYpJEd8RbbDFM-jUxXQpRuaSd9IzubmSJc7EKwaF2ks%3D&xsec_source=pc_note,我心已碎女士,124,214,556,"75岁
新加坡
新加坡国立大学",Welcome to the real world BFSU-NUS,新加坡,2025-04-24 17:42:04
928515421,https://www.xiaohongshu.com/user/profile/5d3b1a32000000001603df59?channel_type=web_search_result_notes&xsec_token=ABVnQsOWYYh1ep0-lfZ2-9I2NjX4p5npwhRFgetYfXpGA%3D&xsec_source=pc_note,Ada,36,306,291,23岁,幸会,河北,2025-04-24 17:42:04
236474694,https://www.xiaohongshu.com/user/profile/5d96b1a4000000000100199c?channel_type=web_search_result_notes&xsec_token=AB-8Z2QBxCgDmxSCA3mUXAWtP6N_OR9hJjfM29erilvCw%3D&xsec_source=pc_note,李火旺,846,62,5605,25岁,,湖南,2025-04-24 17:42:04
799396961,https://www.xiaohongshu.com/user/profile/5e1fdc510000000001005334?channel_type=web_search_result_notes&xsec_token=ABX0-pobXn7r2Rl8OSh9gAI2VU1QFPiFatPpRqOzdW1u4%3D&xsec_source=pc_note,笨蛋无需搭理,22,1,131,,,内蒙古,2025-04-24 17:42:04
Rainie_xxy,https://www.xiaohongshu.com/user/profile/5e3aa95800000000010088e9?channel_type=web_search_result_notes&xsec_token=ABEsffafBCS245koWE8adJBjDTJePlbHxriDq1HwzJh6k%3D&xsec_source=pc_note,小小雨Rainie,2202,74,18000,"白羊座
北京海淀
美食博主
旅行博主
清华大学",THU经管大四➡️五金研0 ENTJ-A&白羊&退伍女大学生💪 半马PB 01:53:49，全马PB 04:06:12 欢迎订阅我的快乐大四生活🎉 📮2213418174@qq.com,匈牙利,2025-04-24 17:42:04
575223247,https://www.xiaohongshu.com/user/profile/5e3eebd20000000001004fd9?channel_type=web_search_result_notes&xsec_token=ABCV16RYN1iMb4Z0CqDp4TPiwVeXii4Ejxx5YsPOSuQ_E%3D&xsec_source=pc_note,蛋挞边边,10,24,85,20岁,,广东,2025-04-24 17:42:04
912285629,https://www.xiaohongshu.com/user/profile/5e42333a0000000001002d19?channel_type=web_search_result_notes&xsec_token=ABKXlr8PpO4KqpOCQ2zJZLzMWKlmeNYxAQlEMsouqthAQ%3D&xsec_source=pc_note,Harrison Lee,21,39,20,125岁,,马来西亚,2025-04-24 17:42:04
666455654,https://www.xiaohongshu.com/user/profile/5e440bcd00000000010081cf?channel_type=web_search_result_notes&xsec_token=ABrPk0tpgREwH2JQtIyMHUSgICHy1g_ItL2S1UjRwyXsY%3D&xsec_source=pc_note,无路可桃🍑,26,5,208,,🍑🍑 广州 0 @桃汁夭夭,广东,2025-04-24 17:42:04
448183462,https://www.xiaohongshu.com/user/profile/5e45090d000000000100b7eb?channel_type=web_search_result_notes&xsec_token=ABT2kCcUX8zmi_01rJiwBlo9ovF1jmBpGHIoIH2Evz0JQ%3D&xsec_source=pc_note,秋,2,7,264,21岁,,云南,2025-04-24 17:42:04
95601636583,https://www.xiaohongshu.com/user/profile/5e4fca260000000001004278?channel_type=web_search_result_notes&xsec_token=ABePxNxemMUJo5ynLSSQzFA5qEWNPEE5J9lHiPG8fPznY%3D&xsec_source=pc_note,佳行玩转美丽世界,519,984,9470,24岁,🌍专注国内外五星酒店折扣。 🥳分享奢华级好住宝藏酒店。 ✅前台付费，靠谱入住！,广东,2025-04-24 17:42:04
837450821,https://www.xiaohongshu.com/user/profile/5e62015c00000000010076a9?channel_type=web_search_result_notes&xsec_token=AB5x_q_R_K1WKDxdrws6XzNl-fm1FVCfY42k5K7JdLs6E%3D&xsec_source=pc_note,不知道,108,3,8009,,🏝🌋🌊,河南,2025-04-24 17:42:04
347768296,https://www.xiaohongshu.com/user/profile/5e9923e30000000001005ad6?channel_type=web_search_result_notes&xsec_token=ABI1O2mOsE9kEChrLUhZBJbghLoBAdsdPruJDqgvfhSOw%3D&xsec_source=pc_note,Contrarian_卓,295,80,2169,"26岁
印度尼西亚雅...",🍀印尼旅游签证 商务签证 投资签证等各类签证咨询 🍁印尼注册公司咨询 税务代账咨询 🌻印尼驾照办理 印尼翻译 接机送机咨询,安徽,2025-04-24 17:42:04
713048323,https://www.xiaohongshu.com/user/profile/5e994e1f000000000100440d?channel_type=web_search_result_notes&xsec_token=ABI1O2mOsE9kEChrLUhZBJbha7ZO53W0b7U5-vEdWsI90%3D&xsec_source=pc_note,鹿小鹿yuyu,1646,78,184000,"中国
旅行博主
探店博主",Hi～我是总出爆文的旅行小鹿🦌～ 1️⃣ 旅行攻略；2️⃣ 🍠避雷；3️⃣ 穿搭种草 ❌ 拒绝同质化种草 ✔️ 只说真实感受 🥰 关注我！你算是找到宝拉！ 🫶🏻 同款在首页小清单🫶🏻,北京,2025-04-24 17:42:04
714852231,https://www.xiaohongshu.com/user/profile/5e9c255d00000000010046d9?channel_type=web_search_result_notes&xsec_token=ABWWQe8T6WpB1cZgmlDja5DI_ZhVWKH0V8OODiHYR7kHc%3D&xsec_source=pc_note,忧郁的根号三,51,24,1382,,分享求学、求职体会，上海吃喝玩乐,上海,2025-04-24 17:42:04
338140518,https://www.xiaohongshu.com/user/profile/5ea7fcd3000000000100735e?channel_type=web_search_result_notes&xsec_token=ABLMI3TbfEDTFrztv4PTTfTaSoYBcmu8By16bSZGVuBps%3D&xsec_source=pc_note,添,26,6,1181,"27岁
MalaysiaSela...",Be nice,马来西亚,2025-04-24 17:42:04
190663275,https://www.xiaohongshu.com/user/profile/5ee9a2ae0000000001000f9c?channel_type=web_search_result_notes&xsec_token=ABaaCVQWIaX1S6iN3Qb6kiItjxdtvw6ZFI-6HEj0TNB0A%3D&xsec_source=pc_note,巧克力发电机,4,1,10,,,印度尼西亚,2025-04-24 17:42:04
247741785,https://www.xiaohongshu.com/user/profile/5f2806a0000000000100380e?channel_type=web_search_result_notes&xsec_token=ABuWXFg0PR5tbGPA2-v6reZ2Ml-vpEOGSqvD8hq9anQ_w%3D&xsec_source=pc_note,DedrEe09,9,1,26,25岁,,,2025-04-24 17:42:04
889558849,https://www.xiaohongshu.com/user/profile/5f38d57c0000000001000ee3?channel_type=web_search_result_notes&xsec_token=AB0-z2qfeHfKE381-hY7xQEstW27TCanTPMgtK0_rt9tU%3D&xsec_source=pc_note,橘子momo（充满疑问版）,5,1,127,,是一个爱旅行但是做旅游攻略会焦虑的人,北京,2025-04-24 17:42:04
761436935,https://www.xiaohongshu.com/user/profile/5f39fde80000000001000d8b?channel_type=web_search_result_notes&xsec_token=ABerh7EamvfTVnSy12q-Ycd_YQaLpEVIzkwl15oTIjXXE%3D&xsec_source=pc_note,TING,81,8,1334,24岁,还没有简介,浙江,2025-04-24 17:42:04
737509434,https://www.xiaohongshu.com/user/profile/5f76732d0000000001000439?channel_type=web_search_result_notes&xsec_token=ABbNzdH0slsk7Qo7lqKuDutjY_YVQaUqcqaohgq_o0uQ0%3D&xsec_source=pc_note,好想吃辣锅🥘,50,55,224,"双子座
广东佛山",人生体验派,广东,2025-04-24 17:42:04
1005661361,https://www.xiaohongshu.com/user/profile/5f7c4d8b000000000101da6c?channel_type=web_search_result_notes&xsec_token=AB3j6OMD3MBhXMxDpJPPDilqZW2UJyfeYsGDgp2U1bOVM%3D&xsec_source=pc_note,小富婆养成记,12,81,190,,.,广东,2025-04-24 17:42:04
1060569635,https://www.xiaohongshu.com/user/profile/5f9a13b30000000001008da2?channel_type=web_search_result_notes&xsec_token=ABDBM3Fu5SCg8SwXSKPKcq0ylZCXafaEMPtO5UNu7RrmY%3D&xsec_source=pc_note,我要加麻加辣,42,942,645,"20岁
浙江湖州",女大学生勇闯美妆赛道 单眼皮 肿眼泡 黄黑皮 混干皮集一身的女子🧍‍♀️ 想干自媒体的N天,吉林,2025-04-24 17:42:04
1030628718,https://www.xiaohongshu.com/user/profile/5fbbbbb7000000000100604b?channel_type=web_search_result_notes&xsec_token=ABCmbyvc3M1uHOnJpLE_Zh5GDGnSMOuiAsniCJyG9vnLc%3D&xsec_source=pc_note,Brad,442,170,3742,"天秤座
安道尔",Inner peace,新加坡,2025-04-24 17:42:04
1081602987,https://www.xiaohongshu.com/user/profile/5fbe36ac00000000010090c5?channel_type=web_search_result_notes&xsec_token=ABij0Rn5JrUNTAcfr97tNt_Pfl4fM0QMfzs5JCLthScsg%3D&xsec_source=pc_note,miluya,3175,61,28000,日本东京,joshibi 867400992@qq.com,日本,2025-04-24 17:42:04
xiaozhangnono,https://www.xiaohongshu.com/user/profile/5fc1c13f00000000010029f7?channel_type=web_search_result_notes&xsec_token=ABDUpkjVIBU8cvnpwTewX0Pbmb5Qxgh0d9CUc6wVVJ604%3D&xsec_source=pc_note,唯.,18,536,39,浙江温州,hi,浙江,2025-04-24 17:42:04
1040530427,https://www.xiaohongshu.com/user/profile/5fdd796b00000000010046e4?channel_type=web_search_result_notes&xsec_token=ABJC7L4odLf2nmTqCA71T2mxAoEA7Z5RTeimPxsRIL7WM%3D&xsec_source=pc_note,[[_Z,31,269,296,,,福建,2025-04-24 17:42:04
1118978397,https://www.xiaohongshu.com/user/profile/5ff517890000000001005875?channel_type=web_search_result_notes&xsec_token=ABGiMgJaHVmP5HlHXVuNtnGr42YjTd5tN39PykFl26XP8%3D&xsec_source=pc_note,21 Tra7e1,23,11,296,27岁,喜欢挑战,四川,2025-04-24 17:42:04
4269467573,https://www.xiaohongshu.com/user/profile/5ffa51240000000001003033?channel_type=web_search_result_notes&xsec_token=ABCqVd51gNA3-Jn3L1Bqc36c9Ya_hXXqW5ZyzkazzEPGE%3D&xsec_source=pc_note,泰瑞的山野花园,184,79,4516,"狮子座
中国
户外博主
产品经理",互联网民工 💻✈️🧗🏋️💼🌈 欢迎来我的花园做客,广东,2025-04-24 17:42:04
4267991323,https://www.xiaohongshu.com/user/profile/6007abc80000000001000635?channel_type=web_search_result_notes&xsec_token=ABrqjZP-2Pt8XGH61-99qekZYYSuSohdDWxIg-oNMXFtY%3D&xsec_source=pc_note,Mr.庄,1231,81,164000,"24岁
重庆南岸",🙋‍♂️23岁男生｜Mr.庄zhuang 🌏🌍🌎环游世界ing｜走遍中国🇨🇳 🏔️旅游攻略｜🍔美食分享｜🪅生活点滴 📮897884570@qq.com,山东,2025-04-24 17:42:04
4272003477,https://www.xiaohongshu.com/user/profile/60151919000000000101eb15?channel_type=web_search_result_notes&xsec_token=ABQVT0f5C36RVYyrqnicrHV-xeR2YEaMrycCeRRXx-wlY%3D&xsec_source=pc_note,momo,65,6,816,法国巴黎,,广东,2025-04-24 17:42:04
1182201914,https://www.xiaohongshu.com/user/profile/602d1b590000000001007ca4?channel_type=web_search_result_notes&xsec_token=ABUfbK_Gfhbmz0L-tmn5pp1_BAAdKojZvFVR5me3WXO0k%3D&xsec_source=pc_note,小馨旅游记,12,150,118,"白羊座
时尚博主
美食博主",爱探店旅游的女大学生一枚,四川,2025-04-24 17:42:04
DuoDuo06411,https://www.xiaohongshu.com/user/profile/60686b10000000000100be2d?channel_type=web_search_result_notes&xsec_token=AB62f2nOzT1wp_pimT61nWmP3vnrPpEdoJpC6jS-MkfpQ%3D&xsec_source=pc_note,Kris要环游世界,293,23,8214,"19岁
旅行博主",📍05后广东揭阳揭西客家人 📍带着对世界的憧憬 一路前行 让我们在旅途中相遇 共同感受大自然的魅力与震撼 📍梦想是吃到全世界的双层吉士汉堡,,2025-04-24 17:42:04
9479610458,https://www.xiaohongshu.com/user/profile/608958be000000000100a008?channel_type=web_search_result_notes&xsec_token=ABq6EinRnYFXXnh5dROIFOyH6cXncwuLV3aqKWgrbmxkA%3D&xsec_source=pc_note,幼儿园抢饭第一名,69,18,103,,还没有简介,广东,2025-04-24 17:42:04
9569364124,https://www.xiaohongshu.com/user/profile/60bad7f3000000000100992b?channel_type=web_search_result_notes&xsec_token=ABi6zPwROWRseqn4ZQqo0R0cBP0WIbbtMtKcgn4vxLql0%3D&xsec_source=pc_note,Oh! Yeah! 孩子！,42,117,449,,还没有简介,广东,2025-04-24 17:42:04
1156732718,https://www.xiaohongshu.com/user/profile/60c0cc6b000000002002e010?channel_type=web_search_result_notes&xsec_token=ABN17YqY9JTlFfPpY-mkg44_ZB7cvBCphlBz-_U5Cl9M8%3D&xsec_source=pc_note,cc_,43,27,193,,🌅,云南,2025-04-24 17:42:04
2629974340,https://www.xiaohongshu.com/user/profile/60c22fa90000000001001fb4?channel_type=web_search_result_notes&xsec_token=ABpYxlY2JCsyuOLZytygQbnJo8gkcTt4HjEJvIBY5h4So%3D&xsec_source=pc_note,道生一,29,28,129,天蝎座,爱国 不敬业 分情况诚信 基本不友善,广东,2025-04-24 17:42:04
9419131086,https://www.xiaohongshu.com/user/profile/60ec3947000000000100bd3a?channel_type=web_search_result_notes&xsec_token=ABHmGGSBfodmnovzrHMxcdM8jJ8xLRmpayuvIYYor-1Cc%3D&xsec_source=pc_note,第又蓝Lfang521,14,5,167,,有时候我觉得你知道我喜欢你可是你好像没什么动静说实话我慌了,,2025-04-24 17:42:04
9509367896,https://www.xiaohongshu.com/user/profile/60f843df0000000001002bf2?channel_type=web_search_result_notes&xsec_token=ABerdwQXSSYMMXB2O-dZ_0qj2VO4NYFAiltCGH1p5DRYg%3D&xsec_source=pc_note,皮蛋solo粥,12,58,197,巨蟹座,,广东,2025-04-24 17:42:04
9407800302,https://www.xiaohongshu.com/user/profile/6114c6e000000000010087b2?channel_type=web_search_result_notes&xsec_token=AB9bLBGik9o_obCypDCJe_G-0Ya9U5cUcWX85xC27h1FY%3D&xsec_source=pc_note,GGD旅行,8521,71,172000,印度尼西亚巴...,有趣的人生🌊一半是山川湖海 ⭐️分享我的巴厘岛旅游攻略 🚗中文包车｜酒店代订｜行程定制 🏠20年印尼当地🔥一手地接社,印度尼西亚,2025-04-24 17:42:04
2682098673,https://www.xiaohongshu.com/user/profile/611fc8e5000000002002e516?channel_type=web_search_result_notes&xsec_token=ABLZ-mFleKQVay3TvAVHciGtfIw0hVqKB3CKLP5QPf7cI%3D&xsec_source=pc_note,一只白羊羊咩🐑,1441,100,9164,"23岁
教育博主
北京师范大学",✨HFUT合工大本 BNU北师大硕👩‍🎓 🌸分享日常｜学习｜探店｜旅行 📄专八｜高中英语&政治教资 🌷但行好事 莫问前程,安徽,2025-04-24 17:42:04
1890195772,https://www.xiaohongshu.com/user/profile/6120478e000000000101dd59?channel_type=web_search_result_notes&xsec_token=ABCiQmQXM25-D4NoJrXsck17Ewu9L0RXuxXowj8Zo4crI%3D&xsec_source=pc_note,猫抓鱼小岛-,1018,428,32000,21岁,⭐,山东,2025-04-24 17:42:04
wearedone___,https://www.xiaohongshu.com/user/profile/6126c404000000000100a883?channel_type=web_search_result_notes&xsec_token=ABWHjHEr345C8YnCT10i1v7leX3Gil9ppOxhy-Kv584Oo%3D&xsec_source=pc_note,菲菲菲,115,11,1107,,喜欢旅游的小宝,海南,2025-04-24 17:42:04
4926432506,https://www.xiaohongshu.com/user/profile/6144ba270000000002018ae0?channel_type=web_search_result_notes&xsec_token=ABChUPvZnL1d_lX6TzuqT0KtktB4ZkxExX2xTDS_4lcKA%3D&xsec_source=pc_note,小财迷一枚,225,38,3844,"白羊座
新加坡",🌸日常分享｜好康推荐｜代GO🌹 🙋🏻‍♀️正在努力奋斗的00后女孩 🏠在🇲🇾 〰️ 💁🏻‍♀️在🇸🇬,新加坡,2025-04-24 17:42:04
1819219811,https://www.xiaohongshu.com/user/profile/616318b0000000000201cd50?channel_type=web_search_result_notes&xsec_token=ABAhQ8s3mlHJuN1Gz2o7CeRQUdwNAMAL6TOML3yYC5d74%3D&xsec_source=pc_note,lifxplorer,7,1895,38,,斜杠青年，📸摄影旅行 | 🍜美食猎人 | 🏂滑雪 | 🏄冲浪 | 🏊‍♀️游泳教练 | 🎤🏹🛹🎱…🛰同名,浙江,2025-04-24 17:42:04
9409249853,https://www.xiaohongshu.com/user/profile/61931b8f0000000021022c23?channel_type=web_search_result_notes&xsec_token=ABN28W8yGUvdf88YikwVEboqpSX07ua54dtNZAYkGTczI%3D&xsec_source=pc_note,SEA环游记（考拉）,2393,15,37000,,💫跟着我带你去看世界 🌸分享我的海岛旅游攻略 🔥行程定制｜包车｜酒店 🌍印尼｜新加坡｜埃及｜新西兰,四川,2025-04-24 17:42:04
5267234004,https://www.xiaohongshu.com/user/profile/61b472ac000000001000cb02?channel_type=web_search_result_notes&xsec_token=ABSpHFtmgVCTOptorrMVsM-3cftLlajUe4t7y8_1AezEc%3D&xsec_source=pc_note,对方正在长头发,1,1,29,,还没有简介,广东,2025-04-24 17:42:04
2804700806,https://www.xiaohongshu.com/user/profile/61c6946c000000001000a237?channel_type=web_search_result_notes&xsec_token=ABcdkRdj-6DLv9bfRIlvRQDrOxzRBNjQ5tOA9sUK4yhgo%3D&xsec_source=pc_note,.,9,5,127,,还没有简介,广东,2025-04-24 17:42:04
1601412754,https://www.xiaohongshu.com/user/profile/61dd8ee4000000001000a1d0?channel_type=web_search_result_notes&xsec_token=ABB4HLBPRv2Q1XKpm4B6oOOTgvXX3GBYH3dym6tp9lRlM%3D&xsec_source=pc_note,蓝色的梦,9,2,192,,还没有简介,黑龙江,2025-04-24 17:42:04
5294534805,https://www.xiaohongshu.com/user/profile/61e0fd35000000001000b068?channel_type=web_search_result_notes&xsec_token=ABzbnqYQnCqU7YNj8XZpyvA-pXh9JwC0vjws9hcaoBOOQ%3D&xsec_source=pc_note,里德学长,344,163,8675,"印度尼西亚雅...
留学顾问",现居印尼 从央企到创业中，喜欢一切挑战性的运动。 印尼工作|留学干货|走心交流,印度尼西亚,2025-04-24 17:42:04
1382642477,https://www.xiaohongshu.com/user/profile/61eff55d000000001000683f?channel_type=web_search_result_notes&xsec_token=ABjcUeqswkLXtiCsA-cz9rg0sbtIUfgDUEwtEUw7IGESc%3D&xsec_source=pc_note,东北第一拽,52,38,1325,19岁,,辽宁,2025-04-24 17:42:04
4735766450,https://www.xiaohongshu.com/user/profile/62510de5000000002102265a?channel_type=web_search_result_notes&xsec_token=ABheOpxbNoIarNreTl3Qt_5GJ_bRLL_BIOCprAwvaScmE%3D&xsec_source=pc_note,星粉儿我的狗,37,348,4270,,江大🉑带进校/@星粉儿（画画版） 啧是我的狗/不回复未成年人评论,山东,2025-04-24 17:42:04
6011064052,https://www.xiaohongshu.com/user/profile/62563d64000000000d033544?channel_type=web_search_result_notes&xsec_token=ABdxJ_B10_lEzEzEAF2jRt5tYs9_GLrnjSpXRaLENRL3c%3D&xsec_source=pc_note,小时候,12,8,139,,🌙,江苏,2025-04-24 17:42:04
4186542765,https://www.xiaohongshu.com/user/profile/626b3faf0000000021022353?channel_type=web_search_result_notes&xsec_token=ABfTTXdRqRH9giQk2xxBFKmnpcUR4Wr7qFKqEqOGMqhaY%3D&xsec_source=pc_note,小吃街老板娘,165,1,1007,,ﾟᨳ ⊹ ˖ 𝘧𝘳𝘢𝘨𝘮𝘦𝘯𝘵𝘢𝘳𝘺 𝘬𝘪𝘵𝘵𝘺 ໑ ⋆ ⊹ 永远做自己,广东,2025-04-24 17:42:04
2951383084,https://www.xiaohongshu.com/user/profile/626b4af50000000021025aa8?channel_type=web_search_result_notes&xsec_token=ABfTTXdRqRH9giQk2xxBFKmhdG2zKhedV5lWPGe0aI_hc%3D&xsec_source=pc_note,婷婷不停,29,4,887,,还没有简介,广东,2025-04-24 17:42:04
2951486471,https://www.xiaohongshu.com/user/profile/626b51a70000000021028ff7?channel_type=web_search_result_notes&xsec_token=ABfTTXdRqRH9giQk2xxBFKmioKBx0rMhHnMkQQ7OdYAd4%3D&xsec_source=pc_note,一口吃个鱼丸丸,20,2,1094,,还没有简介,广东,2025-04-24 17:42:04
5422455301,https://www.xiaohongshu.com/user/profile/626b58040000000021026d6d?channel_type=web_search_result_notes&xsec_token=ABfTTXdRqRH9giQk2xxBFKmsrruF3s4hA95WDoEjGd5tA%3D&xsec_source=pc_note,一只废柴猫🐱,32,0,1737,,还没有简介,广东,2025-04-24 17:42:04
4186763573,https://www.xiaohongshu.com/user/profile/626b8c5800000000210245c8?channel_type=web_search_result_notes&xsec_token=ABfTTXdRqRH9giQk2xxBFKmn-f3OXqAtfIP0bYqF9ND74%3D&xsec_source=pc_note,圆小圆,3,1,28,,好玩和有趣儿🫧 理想型@Yuanyuany,马来西亚,2025-04-24 17:42:04
5630124201,https://www.xiaohongshu.com/user/profile/626c9f8b0000000021023fec?channel_type=web_search_result_notes&xsec_token=ABhqfOX-aW9k14kPm0-U5Qq6YaUBSUJIRM3k5Fv_kDaDc%3D&xsec_source=pc_note,叫我小黑好啦（减脂版,39,17,2854,,还没有简介,广东,2025-04-24 17:42:04
Fosn111,https://www.xiaohongshu.com/user/profile/6297629f000000002102b371?channel_type=web_search_result_notes&xsec_token=ABjvguSj-1PQtn-5DwUGJTkzt6PbAfcI70qwecMOW4vas%3D&xsec_source=pc_note,古海chen,1015,61,2563,,泗水本土地接社 专注bromo-巴厘岛-科莫多 专注4-6人精致小团及私家订制 国内出境旅行社源头供应商,江苏,2025-04-24 17:42:04
4156322792,https://www.xiaohongshu.com/user/profile/62abd31e000000001b0297a5?channel_type=web_search_result_notes&xsec_token=ABXtsLTFoH8iL1VMXSr7pt7PSWTDgQJYCT1sE6QpW4THs%3D&xsec_source=pc_note,CC,48,28,2850,,还没有简介,广东,2025-04-24 17:42:04
4153034862,https://www.xiaohongshu.com/user/profile/62ad94ba000000001b02510c?channel_type=web_search_result_notes&xsec_token=AB-cKfkXDb8-QpWwOcR6w2t5Mg9EseM-aUU2-nj8EB7MM%3D&xsec_source=pc_note,爱吃的薇薇酱,42,3,177,,记录自由行旅游，日常推荐打卡。,海南,2025-04-24 17:42:04
6299467789,https://www.xiaohongshu.com/user/profile/62b45d69000000001b02853d?channel_type=web_search_result_notes&xsec_token=ABNMtXnXos-xkQbbyo0aqtUnPQRpWxJKNLb13f8tR_oo4%3D&xsec_source=pc_note,🍬,77,49,143,"20岁
中国香港特别...",还没有简介,中国香港,2025-04-24 17:42:04
6299853542,https://www.xiaohongshu.com/user/profile/62b67b6b000000001b025c5d?channel_type=web_search_result_notes&xsec_token=ABetKbXWN7hFSwCViKxFQJdOhRxLgdleBeCfRVd-z-8Cg%3D&xsec_source=pc_note,蛋挞塔塔,49,33,1181,,还没有简介,广东,2025-04-24 17:42:04
1533439978,https://www.xiaohongshu.com/user/profile/62bddcd7000000001b027863?channel_type=web_search_result_notes&xsec_token=AB9p9CdPTwPcdXRoDfrHUhOu8RkwV8eCmZxZEGg5zlBbA%3D&xsec_source=pc_note,可爱樱子小姐,6,0,113,,“爱意随风起，风止意难平”,广东,2025-04-24 17:42:04
5430914232,https://www.xiaohongshu.com/user/profile/62d20165000000000303fe1f?channel_type=web_search_result_notes&xsec_token=ABAY85HDL1qQuZP06U6Zy6ZWyq-hz29NQ6uNo_F28gTuE%3D&xsec_source=pc_note,张张今天很快乐,40,18,3273,,爱自由，爱💰，更爱自己,广东,2025-04-24 17:42:04
3865016801,https://www.xiaohongshu.com/user/profile/62e523ff000000001f01648a?channel_type=web_search_result_notes&xsec_token=ABOjuz7d2ws3-43LQcIt42prR7GzmFYOMphHn-BLW99l4%3D&xsec_source=pc_note,F,16,32,283,,还没有简介,广东,2025-04-24 17:42:04
2925037568,https://www.xiaohongshu.com/user/profile/63194ced000000002303ceb1?channel_type=web_search_result_notes&xsec_token=ABYEcm-xJGL40h1yWinx38m9bEDtvWAcMnXdwf0siY4FI%3D&xsec_source=pc_note,小福无烦恼,103,10,169,,,浙江,2025-04-24 17:42:04
5465766423,https://www.xiaohongshu.com/user/profile/634a425f000000001802fd8e?channel_type=web_search_result_notes&xsec_token=ABCb8oSMF3q5CInr7ywslBLexMNB67rr1AKH-pcp0rnag%3D&xsec_source=pc_note,哄哄,74,562,50,,还没有简介,中国香港,2025-04-24 17:42:04
6788201909,https://www.xiaohongshu.com/user/profile/636e869e000000001f0144c0?channel_type=web_search_result_notes&xsec_token=ABrKJkI-M4lvnhT3_14XiYyyMCU9TwK9auk7v4FQ5FliM%3D&xsec_source=pc_note,小雪在印尼~,7,29,59,,还没有简介,重庆,2025-04-24 17:42:04
5051719372,https://www.xiaohongshu.com/user/profile/63d67d770000000026012358?channel_type=web_search_result_notes&xsec_token=ABlLB6l6dEDJ-A6wPcN5Fi0B3iCzX80CCmIbCRAFo4F5k%3D&xsec_source=pc_note,与辉同行🌞,59,20,2472,广东深圳,还没有简介,广东,2025-04-24 17:42:04
8949630820,https://www.xiaohongshu.com/user/profile/63ed006a0000000026011306?channel_type=web_search_result_notes&xsec_token=ABhDgbDJ8gbZ1Fb96cL_2-rFmzETA95kLK3DTE2DNpC-E%3D&xsec_source=pc_note,Kiki,13,3,2900,,还没有简介,广东,2025-04-24 17:42:04
8950833812,https://www.xiaohongshu.com/user/profile/63f8284f000000001001deb0?channel_type=web_search_result_notes&xsec_token=ABkC3v5mc5iykdAFPxEk2MkEeoPosWmdno4iNcROlYU6c%3D&xsec_source=pc_note,一身温柔病,11,6,140,,还没有简介,辽宁,2025-04-24 17:42:04
7492249180,https://www.xiaohongshu.com/user/profile/63ffed8b0000000029014e29?channel_type=web_search_result_notes&xsec_token=ABFkiko3sA9D0qtht86Yp1vqZkcJds0eEkFyx4mfP1jts%3D&xsec_source=pc_note,晴空假期,2667,19,72000,,中国、马来西亚、印尼一手地接 包车、纯玩小团、私家团定制游 签订正规旅行社合同，保证出行安全 在晴空的海岸边，追逐有温度的假期✨,四川,2025-04-24 17:42:04
2271941755,https://www.xiaohongshu.com/user/profile/64094e15000000002a00ba9b?channel_type=web_search_result_notes&xsec_token=ABUbGi-FxVmB6jsn9l1wkD5SmogoQSezrR92BYFRt31-0%3D&xsec_source=pc_note,想发啥发啥,359,46,688,30岁,聪明的你肯定能找到🐟—-好好学习呀1234 问一句在么就没有回复的人，烦请不要浪费大家时间！感谢！,山东,2025-04-24 17:42:04
6135522271,https://www.xiaohongshu.com/user/profile/642571c1000000001a021e93?channel_type=web_search_result_notes&xsec_token=ABl0uVUq2HMhLgXl9pWm4qKpDqZgM1V80edjfMbTBfOa0%3D&xsec_source=pc_note,Lisa路探日记,224,0,7419,"天秤座
海南定安
时尚博主
旅行博主",还没有简介,陕西,2025-04-24 17:42:04
9691670251,https://www.xiaohongshu.com/user/profile/642a998c000000001400d354?channel_type=web_search_result_notes&xsec_token=ABqVdBEFeF0XTTscUWokpYmhYMMJnyAo78gl4Co79Lkrs%3D&xsec_source=pc_note,土星,40,35,1723,,万年的距离只有七秒,广东,2025-04-24 17:42:04
5536358809,https://www.xiaohongshu.com/user/profile/644791500000000029017a73?channel_type=web_search_result_notes&xsec_token=AByp4_38sSUBRIZg0yilTr3siC5tJtCQ_4lLE5pmzHOjo%3D&xsec_source=pc_note,悠奢假期,2995,13,79000,,✈️专注印尼的旅行与探索 🇮🇩印尼本地地接社｜统一车队管理 🌍旅游攻略｜定制旅游｜包车接送机 🌟陪伴、创造、服务您的每一个精彩瞬间！,四川,2025-04-24 17:42:04
9623959097,https://www.xiaohongshu.com/user/profile/644b7ead0000000029011a09?channel_type=web_search_result_notes&xsec_token=ABmYR_qzKcx814_RTpBVZgaBwrJNTD1qNpPovcEpR2nCM%3D&xsec_source=pc_note,豆子旅探日记,3608,6,90000,,✈专注全球旅行探索与分享 🌏旅行攻略｜🏝高端酒店｜🍮出行美食,四川,2025-04-24 17:42:04
9747263438,https://www.xiaohongshu.com/user/profile/6462c4f00000000010028007?channel_type=web_search_result_notes&xsec_token=AB6cW9_f8jaCie49dgoNbG-wFvPes4HYa8kGhWSHJL7Yk%3D&xsec_source=pc_note,睡个好觉.,4,2,19,,得之坦然 失之淡然.,广东,2025-04-24 17:42:04
7435286660,https://www.xiaohongshu.com/user/profile/646e8bfa000000002b00babf?channel_type=web_search_result_notes&xsec_token=AB3BeHtEzyyvS1forw-NNFWDAXv7C8m7jiNnD6fJQB-10%3D&xsec_source=pc_note,不可以内卷哦,4069,74,42000,"旅行博主
山东大学",23岁上学之余独自背包旅行17国 研二｜日韩、东南亚、中亚、西亚、高加索、阿拉伯 分享一些更适合大学生体质的旅游攻略与日常，欢迎大家关注,上海,2025-04-24 17:42:04
2209707514,https://www.xiaohongshu.com/user/profile/64883f1b0000000010036e8a?channel_type=web_search_result_notes&xsec_token=ABVxfdppNtMitvOaPdbEK1tau-aCT04XFX_GJwWnGGs7w%3D&xsec_source=pc_note,曼曼的奢游日记,5614,7,11000,广东广州,♥️原本这里没有路 ♥️人走多了就自然成了路 ♥️路遥知马力 日久见人心 ♥️关🐷我，分享更多轻奢酒店优惠,广东,2025-04-24 17:42:04
6869113483,https://www.xiaohongshu.com/user/profile/6492a8c00000000011003b56?channel_type=web_search_result_notes&xsec_token=AB0rMVzB4y7guNe9PXC9-J28i_bhFffnhGhVCwh49I74o%3D&xsec_source=pc_note,好困,12,18,17,,还没有简介,浙江,2025-04-24 17:42:04
4351759947,https://www.xiaohongshu.com/user/profile/64a10a3d000000002a034331?channel_type=web_search_result_notes&xsec_token=ABFcB4tK1T_Qc_RqOZumG3AMSLFVmSyOpmdl0lHfQRWI0%3D&xsec_source=pc_note,momo环球日记,151,10,20000,,人美心善momo 分享一些欧洲旅行见闻与小福利🥰,上海,2025-04-24 17:42:04
9770295943,https://www.xiaohongshu.com/user/profile/64a50e87000000001001de85?channel_type=web_search_result_notes&xsec_token=ABn_S_AobY0LyiAKktomApK_bSycPnJu1nWarpxZUdacI%3D&xsec_source=pc_note,西边贝壳,18,34,518,20岁,还没有简介,江苏,2025-04-24 17:42:04
6491682541,https://www.xiaohongshu.com/user/profile/64ddfe25000000000100600b?channel_type=web_search_result_notes&xsec_token=ABArIG_tuVLhnJWHWJ2lJAqCAU4w2IJod0scSEL9tbcNU%3D&xsec_source=pc_note,行乐途咨询,8692,0,14000,,‼️认准企业账号⚠️ 全球奢华五星级酒店预定🥳 选择一家完美舒适的酒店，享受完美舒适的旅程🥰,广东,2025-04-24 17:42:04
3053618690,https://www.xiaohongshu.com/user/profile/65180437000000002402e704?channel_type=web_search_result_notes&xsec_token=AB1UB18IR8pgFKr-tlF7dhKE0miAKdhxDQKSXyQghBVD8%3D&xsec_source=pc_note,糯米团姿,49,33,129,,还没有简介,重庆,2025-04-24 17:42:04
Zhengyang0204,https://www.xiaohongshu.com/user/profile/65266b23000000002a028bcd?channel_type=web_search_result_notes&xsec_token=ABY7RjZfDW1egAkG96-ibH6UC1mL7G-T2g9CGjgGrq0qk%3D&xsec_source=pc_note,小小怪,180,607,177,,还没有简介,印度尼西亚,2025-04-24 17:42:04
8432871950,https://www.xiaohongshu.com/user/profile/6534c80e000000000d004932?channel_type=web_search_result_notes&xsec_token=ABFKqZol2xayptmd27XcbA05kGKTQlCqpNlHuhqcy3xR8%3D&xsec_source=pc_note,忱,269,15,59,,还没有简介,江西,2025-04-24 17:42:04
7530224179,https://www.xiaohongshu.com/user/profile/656837ab0000000020036091?channel_type=web_search_result_notes&xsec_token=ABh5--qEtAukfJXqrglNpceOfwlSaXC1Yza4LFPbGo6MI%3D&xsec_source=pc_note,OUR全球体验官,8116,8,52000,,每日分享全球旅行体验～ 行程｜酒店｜目的地｜深度游等,四川,2025-04-24 17:42:04
7532721805,https://www.xiaohongshu.com/user/profile/656a9bd900000000200325e5?channel_type=web_search_result_notes&xsec_token=ABmcwyyNr4QHvi6p95DpyT7v0_kUC-93PaUOlqhJZSAe0%3D&xsec_source=pc_note,兴营文旅,12000,8,51000,北京朝阳,🚩北京兴营私人高端订制 🐎门票酒店用车导游行程服务 🚘带您了解丰富多彩的北京 🎉带您体验既熟悉又陌生的风景 来北京找兴营,河北,2025-04-24 17:42:04
5794210819,https://www.xiaohongshu.com/user/profile/657d1160000000003d029a67?channel_type=web_search_result_notes&xsec_token=ABwqdZPTySN1MyqhmKBrSkUaT0PpPH4uSEErJwvxwDo9w%3D&xsec_source=pc_note,貝貝,9,0,356,,还没有简介,广东,2025-04-24 17:42:04
4853294338,https://www.xiaohongshu.com/user/profile/6589b4bf0000000022016b9c?channel_type=web_search_result_notes&xsec_token=ABKZzvHGfA35MgN3ID3ojLSum3-R-jQlZ7ySrOw9HMAlA%3D&xsec_source=pc_note,小红薯658A43B4,2,0,10,,还没有简介,河南,2025-04-24 17:42:04
8393044057,https://www.xiaohongshu.com/user/profile/658a805c000000001f012d99?channel_type=web_search_result_notes&xsec_token=AB5E5jTMFcA6A0IdOgWECny2B6nFaPH7iPZ-3cZE0_JYE%3D&xsec_source=pc_note,楠楠,53,1,877,,还没有简介,广东,2025-04-24 17:42:04
8377045329,https://www.xiaohongshu.com/user/profile/658a94ba0000000022016446?channel_type=web_search_result_notes&xsec_token=AB5E5jTMFcA6A0IdOgWECny5znNlCInz6jv3iLLRrsQ-s%3D&xsec_source=pc_note,Rachel,47,4,1257,,还没有简介,广东,2025-04-24 17:42:04
8373723005,https://www.xiaohongshu.com/user/profile/658ce722000000002201768e?channel_type=web_search_result_notes&xsec_token=ABE7beU7qi40iOp-VsRvrDIeVxp3XX1DPCJjcspZitPew%3D&xsec_source=pc_note,yy,248,518,1801,,人生是旷野！,湖北,2025-04-24 17:42:04
7810600682,https://www.xiaohongshu.com/user/profile/65b361c7000000000e0211cb?channel_type=web_search_result_notes&xsec_token=ABK8Xcb0q9g5R2zHe8YcXc3dnFnYBoytojgYglw91FFyU%3D&xsec_source=pc_note,jeuonny,43,18,512,,否极泰来,广东,2025-04-24 17:42:04
1982022512,https://www.xiaohongshu.com/user/profile/65b84db5000000000e020853?channel_type=web_search_result_notes&xsec_token=AB6U4UcLw17Ac-c3VtdiCiO4g1xbMFjIAOGGLzgfwWRxo%3D&xsec_source=pc_note,易快订玩转全球,9332,8863,20000,,酒店预定服务商/订房超20万单 累积服务全球旅客出行300万人次 澳门丨香港丨广东丨三亚丨海外 酒店丨票务丨演艺丨邮轮丨跟团,广东,2025-04-24 17:42:04
94975608671,https://www.xiaohongshu.com/user/profile/65dd79bc000000000500d9b1?channel_type=web_search_result_notes&xsec_token=ABGsZaYaxtq_Go2XbmjXbrbmPwweluVUdx1HjxJ2N8CCI%3D&xsec_source=pc_note,尼点旅行,69,18,4684,"29岁
印度尼西亚巴...",🚗拼车包车|一日游|跟团游|定制游 🛟滑翔仐|浮潜|追海豚|浮潜| ATV 🏖️全程中文管家服务 |高端酒店代订 🌋巴厘岛|泗水火山瀑布|佩尼达岛|科莫多岛,四川,2025-04-24 17:42:04
49431767574,https://www.xiaohongshu.com/user/profile/65e036ee00000000050085b3?channel_type=web_search_result_notes&xsec_token=ABpy58srUdKv1eDVRQTwBNwoB_h_7foPEF_CkbhFu9gEQ%3D&xsec_source=pc_note,说走就走研究所,341,15,8980,"26岁
广东广州
旅行博主
导游",⭐90后，旅游国企资深牛马 💙热爱说走就走，已走过30+国家和地区 📌专注分享【免签】&【简单落地签/电子签】目的地攻略,广东,2025-04-24 17:42:04
94232971684,https://www.xiaohongshu.com/user/profile/65eec00b000000000b0301b5?channel_type=web_search_result_notes&xsec_token=ABy4WR-fRZzPAyoHIhMHSE-vExZJaTvtlzotgrThFO1Lk%3D&xsec_source=pc_note,小路,135,86,1099,,永远不配在见到光明。,北京,2025-04-24 17:42:04
11606427509,https://www.xiaohongshu.com/user/profile/661cded20000000003031ce6?channel_type=web_search_result_notes&xsec_token=ABqrKNgvD6mCFP3phzdomMWPopsRFu25Gs8ZiKFEy7ZYo%3D&xsec_source=pc_note,星游家旅行,3180,101,16000,,印尼本地一手老牌地接·专注国人来印旅行 💁‍♀纯玩小团·落地即走·1人成团6人封顶 🚙全程中文管家服务·住行玩一站全包 ⛵滑翔伞·浮潜·追海豚·超多玩法 不留遗憾，来印旅行找星游！,广东,2025-04-24 17:42:04
49500723625,https://www.xiaohongshu.com/user/profile/662245f20000000007005838?channel_type=web_search_result_notes&xsec_token=ABxfq8VVLRCqkdiRcI09VoCEPpD5Ow5kbfDefUo6hoSp0%3D&xsec_source=pc_note,蛋挞塔塔,1472,13,29000,,喜欢旅行 机票酒店爱好者🙋 爱攻略！爱种草！爱坐飞机！,北京,2025-04-24 17:42:04
11609452032,https://www.xiaohongshu.com/user/profile/6628ab000000000003024e1a?channel_type=web_search_result_notes&xsec_token=ABg-v-BPBNbgU7ddOBAmoAPBmmtIHC_Wecb5UiPJEjudo%3D&xsec_source=pc_note,"k,",7,1,28,,周末特种兵 徒步 旅行 运动,浙江,2025-04-24 17:42:04
gowithwish,https://www.xiaohongshu.com/user/profile/662f47120000000007007773?channel_type=web_search_result_notes&xsec_token=ABjTQqoV-3seFKhsL6CZXA5fSk8PufDQTfseVG_JIRJX4%3D&xsec_source=pc_note,你的旅游安利小助手,2076,7,29000,旅行博主,暂🈚️抱团功能 🉑咨询旅游相关问题💕 💡：不讲道理 向来以有趣服人🥋 🚗：走遍青山人已老 旅游老司机👨‍⚖️ ⚠️：如果不熟 叫我王子就行🤴 🧳：旅游攻略 旅行Vlog 记录生活📷,上海,2025-04-24 17:42:04
11383384795,https://www.xiaohongshu.com/user/profile/6656a4380000000007005c89?channel_type=web_search_result_notes&xsec_token=ABEP9ERIwwLH_RHeShdYOGuyAdQijVenJuDFUUh4UmPMU%3D&xsec_source=pc_note,星游家玩转印尼,942,2,836,,🇮🇩印尼本地老牌一手地接社 🙋🏻‍♂️专为国人来印打造，住行玩一站全包 ✅纯玩小团体验▸中文管家贴心陪伴 🪂滑翔伞·浮潜·追海豚·SPA玩法任你选 👋🏻不留遗憾，来印旅行找星游,广东,2025-04-24 17:42:04
11382631039,https://www.xiaohongshu.com/user/profile/6658501e0000000007006da6?channel_type=web_search_result_notes&xsec_token=AB0Vt1OlZaAE-2qUZWPUF6bDFU0OQObh_JWC7h1AHhB4c%3D&xsec_source=pc_note,阿火冲冲冲,67,46,2087,,🔥深圳打工人周末/节假日出游 🔥旅行｜穿搭｜美食,广东,2025-04-24 17:42:04
11434867213,https://www.xiaohongshu.com/user/profile/668a956b000000000f037e78?channel_type=web_search_result_notes&xsec_token=ABZOliVz5vc76rZKyeFdt_4ytlO7HXJUCTpH9jCaP29QM%3D&xsec_source=pc_note,妙妙在印尼🐱,361,1,9889,,❤️热爱旅游，追求自由与爱的一切美好事物 🌈日常分享印尼的吃住行攻略➕游玩日记,辽宁,2025-04-24 17:42:04
42863024349,https://www.xiaohongshu.com/user/profile/6690297f000000000f0374c1?channel_type=web_search_result_notes&xsec_token=ABLwV_zPukSYXic21bC53IMXCbsmoerc4yQAjweppyMOg%3D&xsec_source=pc_note,睡不完的觉,2,25,29,,还没有简介,广东,2025-04-24 17:42:04
95429830107,https://www.xiaohongshu.com/user/profile/66bdbcc0000000001d033404?channel_type=web_search_result_notes&xsec_token=ABduUomlQgK4QpyhE--LQa4b9HkyV8tw14GlNGMlAcUHg%3D&xsec_source=pc_note,I优游集美旅行,23,5,1308,,✈️专注印尼旅游攻略分享、🚘线路分享、 ✈️🚘👬🏝🍺📸 00 🏝👬擅长帮组搭子，24H在线兔费咨询。,福建,2025-04-24 17:42:04
95499110066,https://www.xiaohongshu.com/user/profile/66cd4152000000001d033167?channel_type=web_search_result_notes&xsec_token=ABf92gVcMaCiRyMpBABpw_BWKIRIj67EM3TV1uTtYL4Do%3D&xsec_source=pc_note,JX精选旅行,125,8,1359,,💫跟着我带你去看世界 🌸分享我的环球旅游攻略 🔥行程定制｜包车｜酒店 🌍印尼｜日本 | 非洲 | 马来西亚世界那么大，我们一起去看看吧😘,四川,2025-04-24 17:42:04
42948517524,https://www.xiaohongshu.com/user/profile/66dee5ff000000001d0331fc?channel_type=web_search_result_notes&xsec_token=ABwFbx50qXgI59FuD13BvoZugSXspbvtlMJloGUMTBO_Y%3D&xsec_source=pc_note,暗车痪缮下玖116,0,0,49,,还没有简介,湖北,2025-04-24 17:42:04
95490385569,https://www.xiaohongshu.com/user/profile/66dfa8a7000000001d023255?channel_type=web_search_result_notes&xsec_token=ABvYIYM70oTzndtM3m7fAQYo2L4bdSezQv-XbVFESTzi8%3D&xsec_source=pc_note,蔚蓝橘子海🍸,62,448,656,,❤分享旅行攻略 ☀公司旅游-情侣出游-亲子出游-全家行 🌟北京 新疆 哈尔滨 三亚 🔥日子很好，我很好,,2025-04-24 17:42:04
26273783431,https://www.xiaohongshu.com/user/profile/66f0ca0b000000001d0225fd?channel_type=web_search_result_notes&xsec_token=ABDIEm2smbdR18R8PCm229HUMuOc4Imuf5U98ccoPF1zU%3D&xsec_source=pc_note,巴厘司导Parwati,386,2,12000,,我是一名印尼地接小P，对中国非常喜欢，也很喜欢和中国人聊天，我的老板是中国人，我们的旅行社总部在巴厘岛，我们接待过很多很多华人来印尼，想跟大家交个朋友你愿意吗？,四川,2025-04-24 17:42:04
63806396058,https://www.xiaohongshu.com/user/profile/66f2766f000000000b030a8d?channel_type=web_search_result_notes&xsec_token=ABf3Y3Ib0_XUxKNaxWVfXjhW6909s9WLSg20n-2YXUTM0%3D&xsec_source=pc_note,从旅游博主到牛马实习生,122,41,5840,,🤠独自穷游17国的旅游博主 😱被豚厂招安的卑微牛马实习生 3月5日在soho大楼秽土重生，这个账号以后就是我来运营啦 日韩丨东南亚丨中亚丨中东丨西亚丨北非,上海,2025-04-24 17:42:04
26213677152,https://www.xiaohongshu.com/user/profile/67061a80000000001d032166?channel_type=web_search_result_notes&xsec_token=ABSxnQDd35EmQk1Wyf_INZ6ielaV3v14-uK0pWVcTIB7I%3D&xsec_source=pc_note,L,10,10,53,,还没有简介,广东,2025-04-24 17:42:04
94160962656,https://www.xiaohongshu.com/user/profile/6708c7c4000000001d030fcd?channel_type=web_search_result_notes&xsec_token=ABth_H5voG7sEZyfaL9imPwykDuA0RLzUfTA4OGclud2g%3D&xsec_source=pc_note,野生阿游,234,10,7170,,一个人的山川湖海 00后理想主义 但绝不委屈自己当牛马 毕业即“失业”的全球流浪者 定期分享旅行日记｜攻略,四川,2025-04-24 17:42:04
94160927603,https://www.xiaohongshu.com/user/profile/6708e26d000000001d0222b6?channel_type=web_search_result_notes&xsec_token=ABth_H5voG7sEZyfaL9imPw8vIj8zX2iz79MRAyPqCfj4%3D&xsec_source=pc_note,美丽姐,63,0,102,,,广东,2025-04-24 17:42:04
95650036622,https://www.xiaohongshu.com/user/profile/6710aaaf000000001d021fb9?channel_type=web_search_result_notes&xsec_token=AB6PUpd79hn_1F4_88RkYc1GNPcp7l0W89O0zlsm9S04k%3D&xsec_source=pc_note,犯困蛋挞💤,101,21,5154,,冒个🫧,广东,2025-04-24 17:42:04
neinei7,https://www.xiaohongshu.com/user/profile/671e7d3e000000000b030155?channel_type=web_search_result_notes&xsec_token=ABFG3xaRHU4xqvSN_eMS1jfXZ-X66m6CqjXe_yo3osjO4%3D&xsec_source=pc_note,内内个,301,18,7773,澳大利亚堪培...,谢谢你的关注,浙江,2025-04-24 17:42:04
26284423116,https://www.xiaohongshu.com/user/profile/6725b3d9000000001d02f56a?channel_type=web_search_result_notes&xsec_token=ABkOIqDLY3kL2jKJkbOHAu9-jTkHx-1ivbATcJw3JKyVM%3D&xsec_source=pc_note,P 丨FANG,282,15,6994,,四处游荡 不安份的背包客 拥有喜欢旧物件的老灵魂 对各地的旧货市场没有抵抗力 偏爱丑萌的小东西,日本,2025-04-24 17:42:04
95470177640,https://www.xiaohongshu.com/user/profile/67287b60000000001c019eab?channel_type=web_search_result_notes&xsec_token=ABdxD40aJFUA5MNeKF9ESnUCBKK58Anw2JET9yMz4hZ20%3D&xsec_source=pc_note,木木在印尼,536,5,39000,,在印尼工作的广东妹子👧 印度尼西亚🇮🇩｜美食🍛｜攻略🔧｜旅游✈️ 🌍定期分享印尼旅游攻略｜🔍关注木木不迷路,广东,2025-04-24 17:42:04
95478905950,https://www.xiaohongshu.com/user/profile/6730c8df000000001c019871?channel_type=web_search_result_notes&xsec_token=ABFQohD4XZDslp7stGAt3JiwSppLcfxn8boIVB9hKEw5Q%3D&xsec_source=pc_note,Sinshe RenAi,213,5,6051,"摩羯座
印度尼西亚雅...",不定期分享日常| 美食 | 旅游| 养生 深耕印尼20载|传承仁心|关爱健康,印度尼西亚,2025-04-24 17:42:04
95410954737,https://www.xiaohongshu.com/user/profile/6738c3e0000000001c01a536?channel_type=web_search_result_notes&xsec_token=ABzGyOj1B3KD-wxlbu92FLpJJeH5helpV2E73CN5Fu_Tk%3D&xsec_source=pc_note,陳啊啊啊啊啊啊啊啊啊啊啊,31,0,228,,还没有简介,浙江,2025-04-24 17:42:04
94150059170,https://www.xiaohongshu.com/user/profile/674f1c09000000001c01bd0e?channel_type=web_search_result_notes&xsec_token=AB1I-FIwWh-chmcrS_pQ75kGv59REAiyVDuhjCtGCCAz4%3D&xsec_source=pc_note,小红薯680AEB37,8,14,7,印度尼西亚东...,还没有简介,广东,2025-04-24 17:42:04
11506308160,https://www.xiaohongshu.com/user/profile/67723c01000000001801edcf?channel_type=web_search_result_notes&xsec_token=ABTATY61isxvbGBsT_Fw9yUBirurhbXBFWufxrUCnufuA%3D&xsec_source=pc_note,奶油桃子,44,64,342,25岁,还没有简介,广东,2025-04-24 17:42:04
63894165702,https://www.xiaohongshu.com/user/profile/6779ed56000000001801c2d7?channel_type=web_search_result_notes&xsec_token=ABaqiuOXKcFhJawRnz8w0RjuvvVbArhcZ1i84ifLit70Q%3D&xsec_source=pc_note,爱旅行的小熊肉丝,39,6,2581,,还没有简介,浙江,2025-04-24 17:42:04
11555239999,https://www.xiaohongshu.com/user/profile/677e9bd5000000000801e635?channel_type=web_search_result_notes&xsec_token=ABX2TxQPksWyYuXJlC_LOnS_AXI3NeQrnxmLdxMA9iJCI%3D&xsec_source=pc_note,萱择早Sleeep,338,83,8084,MalaysiaKual...,🇲🇾🩺大五医学生 探店｜开箱｜减脂｜日常 💌: _rne.kh,马来西亚,2025-04-24 17:42:04
26229637460,https://www.xiaohongshu.com/user/profile/6781ea0c000000000801b0e1?channel_type=web_search_result_notes&xsec_token=ABMlF8Ntc-2eXEZEZuj22QbRDqzfE0J4A2Sn4_zGxe1vs%3D&xsec_source=pc_note,Tina玩转新马,776,2,44000,,📍马来西亚🇲🇾｜新加坡🇸🇬｜日本🇯🇵 📍马尔代夫🇲🇻｜印度尼西亚🇮🇩 💥入境卡💳｜旅行🧳｜攻略🤳🏼 ✅定期分享干货旅行攻略，主打简单实用,广东,2025-04-24 17:42:04
11511953664,https://www.xiaohongshu.com/user/profile/67890ef7000000000e01c8f2?channel_type=web_search_result_notes&xsec_token=AB2tgDput2c95pA-Ol-j1S5L1yBX02PTlGjoTsArRu0VY%3D&xsec_source=pc_note,安生,45,21,2301,,我可以死在去远方的路上，但我不能真的没有去过远方！！,重庆,2025-04-24 17:42:04
11514829964,https://www.xiaohongshu.com/user/profile/678a28f7000000000e012eaf?channel_type=web_search_result_notes&xsec_token=ABe6Gh_GnWdzSXpT__oDl-DiK8gB50a7DJ02thJp31M_E%3D&xsec_source=pc_note,安琪,35,8,1784,,我可以死在去远方的路上，但我不能没去过远方！,浙江,2025-04-24 17:42:04
42927554817,https://www.xiaohongshu.com/user/profile/67a45ed3000000000d00bf67?channel_type=web_search_result_notes&xsec_token=ABw3FmMCdUnE3AbpwdA3r1d8tuTd9JRwODsMT2k1mr8A4%3D&xsec_source=pc_note,印尼岭队lucy,6,30,126,,旅行享受不被定义和羁绊的自由,重庆,2025-04-24 17:42:04
11591654947,https://www.xiaohongshu.com/user/profile/67b2d97e000000000e010296?channel_type=web_search_result_notes&xsec_token=ABqqwYkHRm4JNHZQgTwaApzT01wR59lYCSzPE8Tb6s5LM%3D&xsec_source=pc_note,星星吃不胖,33,34,363,,旦逢良辰，顺颂时宜。,河南,2025-04-24 17:42:04
26702744278,https://www.xiaohongshu.com/user/profile/67bbc985000000000e011c98?channel_type=web_search_result_notes&xsec_token=ABmzS897qC6tBRSPZATNNftSt5SHjF4WkRMt47RbWuwBw%3D&xsec_source=pc_note,签证课代表,54,65,802,,💡get各国签证干货 ✅分享实用小贴士 👀让你轻松畅行～,浙江,2025-04-24 17:42:04
95444450605,https://www.xiaohongshu.com/user/profile/67d00127000000000e01ff44?channel_type=web_search_result_notes&xsec_token=ABC2s8A6iwoCrCYCTcqXRRPgVmNgOnUNvxhajaX1zYstE%3D&xsec_source=pc_note,Juli的海岛日记,25,11,1008,"印度尼西亚巴...
旅行博主",旅游主理人｜ENTP主打一个分享 Juli在巴厘岛的日记💌 巴厘岛旅游攻略🎀｜包车🎈｜定制 多多关祝Juli❤️,广西,2025-04-24 17:42:04
63826343057,https://www.xiaohongshu.com/user/profile/67d8d786000000000a03e88b?channel_type=web_search_result_notes&xsec_token=ABh6extZU8ph07rOEGDtzc-85Kyrcj0Ss9TlDjKec8IIA%3D&xsec_source=pc_note,卷毛小呆猫🐱,12,4,160,,玩吧，反正也赚不到钱～,山东,2025-04-24 17:42:04
95482154292,https://www.xiaohongshu.com/user/profile/67dbff63000000001b00a1cf?channel_type=web_search_result_notes&xsec_token=ABA4pSxbSDKri8oICaPARutxzvDhs_ClDNaiGD6S94w7M%3D&xsec_source=pc_note,小辣椒,6,60,33,,享受旅行带来的不期而遇,辽宁,2025-04-24 17:42:04
26713782455,https://www.xiaohongshu.com/user/profile/67dd2d9d000000000d00994f?channel_type=web_search_result_notes&xsec_token=AB85Cpskqq8j6xBY5mFkskLiE_oSGNQfEzX1v4FuP64xE%3D&xsec_source=pc_note,煎bingo子🍳,23,18,954,,还没有简介,山东,2025-04-24 17:42:04
26250741669,https://www.xiaohongshu.com/user/profile/67de2853000000000a03ea3d?channel_type=web_search_result_notes&xsec_token=ABhiKCRec8jp0ZhPiX7m_k7j3s414DF8iLLh_6oxjprTU%3D&xsec_source=pc_note,黄油麻薯,4,19,17,25岁,还没有简介,广东,2025-04-24 17:42:04
95406099018,https://www.xiaohongshu.com/user/profile/67ec98d0000000000e012441?channel_type=web_search_result_notes&xsec_token=ABYHHmVq1O4lylSO-Zn4eXmKUJjX9ndjGlx7NE80uT1tQ%3D&xsec_source=pc_note,出海咨询Marcus,21,7,983,27岁,📍专注公司注册办理 ✍🏻帮助你一站解决企业出海 🫡解答一切关于公司注册的难题,广东,2025-04-24 17:42:04
95401900267,https://www.xiaohongshu.com/user/profile/67ee6d71000000000d009906?channel_type=web_search_result_notes&xsec_token=ABEjgmoLBqTq9wzHV_olJ80qM-yu5h5OMhruO9fEeARJ4%3D&xsec_source=pc_note,小魚🌊,9,12,11,"34岁
香港九龙城区",所谓无底深渊 下去 也是前程万里.,中国香港,2025-04-24 17:42:04
26763797336,https://www.xiaohongshu.com/user/profile/67f0906e00000000060137f0?channel_type=web_search_result_notes&xsec_token=ABf1wCIyfvyzyxbFQts8uOfgtqO55qGiZ78PEQ5PD16LQ%3D&xsec_source=pc_note,诸事皆安,13,2,851,22岁,希望在全世界留下足迹。,印度尼西亚,2025-04-24 17:42:04
63880721067,https://www.xiaohongshu.com/user/profile/67f3a64c000000001b037b98?channel_type=web_search_result_notes&xsec_token=ABGOadhG0HRr6gf8i4BnFQ4NBUvw05iEkA5xLCSKrqu6c%3D&xsec_source=pc_note,蒲公英随着风,15,2,165,,还没有简介,江苏,2025-04-24 17:42:04
26762755276,https://www.xiaohongshu.com/user/profile/67f40738000000000a03c7d0?channel_type=web_search_result_notes&xsec_token=ABqh64Y-0J7itAbYq7Hvvug71uTaU1r539ZIEIU85ZuJ8%3D&xsec_source=pc_note,月游,49,8,101,26岁,还没有简介,印度尼西亚,2025-04-24 17:42:04
26242831118,https://www.xiaohongshu.com/user/profile/67f4c23c000000000601e0e7?channel_type=web_search_result_notes&xsec_token=ABqh64Y-0J7itAbYq7Hvvug1EHyvtthqjgpB5tu5geRxw%3D&xsec_source=pc_note,跟着心走,13,2,55,,要对象换得快，没有悲伤只有爱,湖北,2025-04-24 17:42:04
95392417051,https://www.xiaohongshu.com/user/profile/68009005000000000e01f15b?channel_type=web_search_result_notes&xsec_token=AB34laeUBNn7ANTB1Bdth1gt4xBV-oR01laVkC9t-Zws0%3D&xsec_source=pc_note,QQ荔枝糖🍬,1,0,36,,还没有简介,美国,2025-04-24 17:42:04
